{"cameraMode":{"drawMode":0,"name":"Shaded","section":"Shading Mode"},"sceneLighting":true,"audioPlay":false,"sceneViewState":{"showFog":true,"showMaterialUpdate":false,"showSkybox":true,"showFlares":true,"showImageEffects":true,"showParticleSystems":true},"in2DMode":false,"pivot":{"x":-249.67527770996095,"y":-2.963054656982422,"z":-34.72172546386719},"rotation":{"x":-0.34231454133987429,"y":0.6266251802444458,"z":-0.3557172417640686,"w":-0.6030133366584778},"size":7.206411838531494,"orthographic":false}