{"cameraMode":{"drawMode":0,"name":"Shaded","section":"Shading Mode"},"sceneLighting":false,"audioPlay":false,"sceneViewState":{"showFog":true,"showMaterialUpdate":false,"showSkybox":false,"showFlares":true,"showImageEffects":true,"showParticleSystems":true},"in2DMode":false,"pivot":{"x":-18.04816436767578,"y":1.5250723361968995,"z":121.85610961914063},"rotation":{"x":-0.05535094439983368,"y":0.9444126486778259,"z":-0.2179519236087799,"w":-0.23983903229236604},"size":3.2918310165405275,"orthographic":false}